{"house_0": [2.46523, 3.18822, -0.0, -0.0, 0], "house_1": [3.34335, 3.15184, 0.08987, 0.26649, 0.98296], "house_2": [1.109, 1.403, 0.29419, 0.09735, -6.69437], "objects": [["0", "Whale_2_0", 1.44109, -0.41174], ["1", "Bear_2_0", -0.52023, 0.51217]], "sharedspace": ["Polygon", [[1.2092995113698453, -0.8992342191409798], [0.9073988064263784, -1.2469420910845843], [0.1596676734088567, -1.1642140954009048], [-0.588063459608665, -1.0569420910845844], [-0.7566798869304245, -0.9185621653963142], [-0.6910577630369921, 0.11828590459909516], [-0.7379782458965998, 0.18267662465925052], [-0.9208281898540154, 0.1828586890188481], [-0.9201714973015589, 0.8422856803906615], [-0.6148876142099755, 0.8419817081089775], [-0.5992026366428894, 0.8537812717670531], [-0.5786379933568601, 1.2248506828231456], [-0.3980634596086652, 1.3885139002827747], [1.2187324516329072, 1.2840915713648116], [1.3891914783237773, 1.0763866463736915], [1.2953931098547051, 0.21328590459909502], [1.3940813762352546, 0.12430024126747474], [1.6728858417836636, 0.12430024126747474], [1.6728858417836636, -0.9477732183577694], [1.2092995113698453, -0.9477729799391903], [1.2092995113698453, -0.8992342191409798]], 0.36746, 0.06532]}