{"house_9": [5.24942, 1.92251], "house_13": [5.24942, 1.92251], "house_20": [5.24942, 1.92251]}