{"house_9": [9.86161, 9.00864], "house_13": [9.86161, 9.00864], "house_20": [9.86161, 9.00864]}