{"house_9": [-0.0, -0.0, 0, 5.26733, 3.35335], "house_13": [-0.20713, 0.13891, -10.55556, 5.24942, 1.92251], "house_20": [-0.1648, -0.07147, 3.00002, 9.86161, 9.00864]}