{"house_13_Box_4_2": [11.53486, 7.12977], "house_13_Dresser_4_1": [8.15919, 7.9318], "house_20_Dresser_6_1": [13.13382, 9.07386], "house_20_HousePlant_6_2_0": [6.85991, 9.68442]}