{"house_13_Box_4_2": [7.3966, 0.28911], "house_13_Dresser_4_1": [3.92697, 0.27757], "house_20_Dresser_6_1": [8.49534, 2.55381], "house_20_HousePlant_6_2_0": [2.25309, 1.67684]}