{"house_13_Box_4_2": [6.87182, 1.49316], "house_13_Dresser_4_1": [3.4588, 2.11742], "house_20_Dresser_6_1": [8.36684, 3.51826], "house_20_HousePlant_6_2_0": [2.06957, 3.79964]}