{"house_0": [1.90067, 2.47394], "house_1": [1.90067, 2.47394], "house_2": [1.90067, 2.47394]}