{"house_0": [3.88663, 1.88697], "house_1": [3.88663, 1.88697], "house_2": [3.88663, 1.88697]}