{"house_0": [3.8319, 1.68437], "house_1": [3.8319, 1.68437], "house_2": [3.8319, 1.68437]}