{"house_0": [-0.0, -0.0, 0, 2.46523, 3.18822], "house_1": [0.08987, 0.26649, 0.98296, 3.34335, 3.15184], "house_2": [0.29419, 0.09735, -6.69437, 1.109, 1.403]}