{"house_9": [5.26733, 3.35335], "house_13": [5.26733, 3.35335], "house_20": [5.26733, 3.35335]}