{"house_9": [-0.0, -0.0, 0, 5.26733, 3.35335], "house_13": [0.08916, 0.26787, -2.61556, 5.24942, 1.92251], "house_20": [-0.0333, 0.31936, -3.04377, 9.86161, 9.00864]}