{"house_20_door_6_7": [7.10776, 10.60017], "house_20_Dresser_6_1": [13.13382, 9.07386]}