{"house_20_door_6_7": [2.38286, 3.58043], "house_20_Dresser_6_1": [8.39735, 2.00912]}