{"house_20_door_6_7": [2.56858, 5.40822], "house_20_Dresser_6_1": [8.50509, 3.56409]}