{"house_0": [3.92041, 1.81395, 0.0, 0.0, 0], "house_1": [3.82339, 1.68188, 0.02604, -0.0365, 1.916], "house_2": [1.89882, 2.46664, 0.09876, -0.01824, -2.74782], "objects": [["2", "flat_Sofa1_2_0", 0.73373, -1.64081]], "sharedspace": ["Polygon", [[-0.5755494480124381, 1.3892193126260008], [-0.2884673472927754, 1.6021339094496623], [1.5409377948060932, 1.6006893274513212], [1.7609735363979886, 1.4688049793555429], [1.810088070708884, -0.9272712326492061], [1.4782037226131055, -1.947306974241102], [0.15300555610238611, -1.9921016746713076], [-0.1712315008133268, -1.5970193477096926], [-1.2178724893916435, -1.5964215085519973], [-1.437908230983539, -1.4645371604562187], [-1.475549448012438, -0.31078068737399933], [-1.3298863683405746, -0.1332897112458315], [-0.9712315008133268, -0.09871283339098341], [-0.8872781999788238, 0.026339559100144287], [-0.8656312070461614, 0.416938939159189], [-0.5872781999788239, 0.7263395591001442], [-0.5755494480124381, 1.3892193126260008]], 0.36155, -0.21645]}